"Name","Team","G","PA","AB","H","2B","3B","HR","R","RBI","BB","SO","SB","CS","AVG","OBP","SLG","OPS","wOBA","ADP","playerid"
"Mike Trout","Angels","156","659","531","164","32","5","38","115","97","113","128","25","6",".308",".434",".600","1.034",".429","1.1","10155"
"Joey Votto","Reds","158","671","537","169","33","1","31","99","96","121","98","5","1",".315",".442",".555",".997",".419","19.1","4314"
"Freddie Freeman","Braves","151","639","542","164","38","3","36","97","95","85","134","7","3",".303",".403",".583",".986",".409","21.1","5361"
"Giancarlo Stanton","Yankees","144","602","521","144","27","1","51","102","119","72","156","2","2",".276",".367",".623",".990",".404","8.2","4949"
"Bryce Harper","Nationals","147","615","513","153","30","2","33","103","100","92","120","10","4",".297",".403",".556",".959",".399","8.7","11579"
"J.D. Martinez","Red Sox","147","604","537","159","35","3","41","93","108","60","154","3","1",".296",".366",".598",".963",".396","22.9","6184"
"Kris Bryant","Cubs","158","672","567","166","36","4","33","111","93","86","145","8","4",".292",".395",".543",".938",".395","15.4","15429"
"Paul Goldschmidt","Diamondbacks","158","666","554","164","34","3","29","105","106","100","144","16","5",".295",".406",".526",".931",".392","7.3","9218"
"Josh Donaldson","Blue Jays","145","617","521","144","30","2","36","94","93","86","123","4","1",".277",".384",".548",".932",".392","32.1","5038"
"Charlie Blackmon","Rockies","154","674","602","189","34","9","30","109","87","55","117","13","9",".314",".380",".553",".933",".390","8.3","7859"
"Nolan Arenado","Rockies","157","660","589","177","39","5","39","101","126","60","102","3","2",".300",".365",".581",".946",".389","4.5","9777"
"Jose Altuve","Astros","155","661","594","196","38","4","23","102","83","53","75","30","7",".330",".389",".521",".911",".384","2.2","5417"
"Aaron Judge","Yankees","153","639","529","136","23","3","41","101","101","100","195","7","3",".257",".378",".544",".922",".384","19.9","15640"
"Anthony Rizzo","Cubs","158","664","561","158","35","3","32","95","106","81","97","9","5",".281",".387",".526",".913",".384","25.7","3473"
"Carlos Correa","Astros","152","634","559","168","34","2","29","92","106","68","123","7","2",".300",".376",".523",".900",".378","14.9","14162"
"Justin Turner","Dodgers","116","469","407","121","27","1","19","61","66","44","63","5","1",".297",".377",".505",".882",".373","106.8","5235"
"Jose Ramirez","Indians","158","649","588","181","48","5","23","101","84","51","68","19","6",".308",".364",".524",".888",".373","20.3","13510"
"Matt Carpenter","Cardinals","142","600","495","130","33","3","25","91","70","91","121","3","2",".263",".382",".493",".875",".372","186.8","8090"
"Nelson Cruz","Mariners","141","582","511","144","23","1","34","80","97","57","133","1","1",".282",".359",".529",".888",".371","59.1","2434"
"Anthony Rendon","Nationals","153","622","531","152","38","1","23","84","91","76","94","8","3",".286",".381",".492",".872",".371","55.7","12861"
"Daniel Murphy","Nationals","127","515","467","147","36","3","18","73","78","39","61","2","1",".315",".370",".518",".888",".371","89.0","4316"
"Corey Seager","Dodgers","151","634","567","170","36","2","26","92","81","59","127","4","2",".300",".368",".508",".876",".370","43.2","13624"
"George Springer","Astros","151","656","571","158","29","2","32","109","84","72","135","8","6",".276",".365",".503",".869",".369","31.4","12856"
"Brandon Belt","Giants","137","563","476","126","35","5","22","74","69","80","131","3","3",".265",".373",".496",".868",".368","297.8","10264"
"Edwin Encarnacion","Indians","156","647","546","142","25","1","36","93","105","89","127","2","0",".259",".366",".504",".870",".367","57.5","2151"
"Michael Conforto","Mets","122","471","407","108","23","1","25","69","67","55","116","3","1",".266",".361",".511",".872",".367","194.0","16376"
"Rhys Hoskins","Phillies","147","599","509","130","25","2","34","85","101","76","126","5","2",".256",".357",".512",".869",".366","49.0","16472"
"Jose Abreu","White Sox","156","658","601","178","37","4","30","86","101","39","120","2","1",".296",".350",".524",".873",".365","40.9","15676"
"Christian Yelich","Brewers","157","664","580","170","37","3","22","91","86","74","134","17","4",".294",".375",".482",".857",".365","45.3","11477"
"Gary Sanchez","Yankees","129","531","479","133","24","0","33","75","90","41","118","2","1",".277",".340",".532",".872",".365","19.2","11442"
"Tommy Pham","Cardinals","159","606","519","143","25","3","24","97","78","75","152","25","8",".275",".373",".475",".848",".364","57.6","2967"
"Yoenis Cespedes","Mets","138","567","513","146","30","3","30","81","85","44","112","3","1",".285",".344",".533",".877",".363","95.2","13110"
"Eric Thames","Brewers","112","447","383","97","23","4","23","68","63","56","120","4","2",".253",".355",".509",".864",".363","220.0","3711"
"Adrian Beltre","Rangers","123","504","452","134","26","1","21","66","82","43","60","1","1",".297",".360",".500",".860",".363","157.3","639"
"Mookie Betts","Red Sox","155","683","613","181","42","4","26","106","96","62","79","25","4",".296",".359",".502",".861",".362","7.7","13611"
"Marcell Ozuna","Cardinals","158","643","584","171","30","3","29","85","102","53","134","2","2",".293",".352",".502",".855",".361","47.2","10324"
"Miguel Cabrera","Tigers","134","556","489","140","25","0","24","67","78","59","103","0","0",".287",".365",".487",".853",".359","96.1","1744"
"Cody Bellinger","Dodgers","157","640","563","146","30","4","37","95","104","71","167","11","4",".259",".342",".522",".864",".358","26.6","15998"
"Willson Contreras","Cubs","136","525","464","129","26","1","23","64","82","53","109","5","4",".279",".357",".486",".842",".358","50.6","11609"
"Domingo Santana","Brewers","149","585","507","135","28","1","26","81","82","69","172","11","4",".267",".359",".478",".837",".357","99.9","10348"
"Miguel Sano","Twins","125","515","451","115","20","2","29","74","80","59","178","1","1",".256",".345",".504",".849",".357","113.0","12164"
"Carlos Santana","Phillies","149","629","531","136","30","3","27","81","82","90","97","5","2",".255",".365",".471",".837",".357","172.9","2396"
"Ryan Braun","Brewers","134","536","479","134","30","3","23","76","79","48","99","13","5",".280",".348",".501",".849",".356","120.2","3410"
"Brian Dozier","Twins","153","673","589","154","31","4","33","101","90","72","135","14","5",".262",".348",".497",".845",".356","37.1","9810"
"Alex Bregman","Astros","156","646","576","162","38","6","24","92","83","57","103","15","5",".282",".349",".491",".840",".355","32.3","17678"
"Francisco Lindor","Indians","156","674","607","176","36","4","27","97","85","54","90","18","4",".289",".349",".494",".843",".355","20.7","12916"
"Justin Bour","Marlins","140","541","475","129","23","0","29","62","91","58","113","1","0",".272",".350",".502",".852",".355","200.8","9744"
"Manny Machado","Orioles","156","671","611","172","35","1","34","91","95","51","111","6","4",".282",".337",".509",".846",".354","17.4","11493"
"Khris Davis","Athletics","156","632","556","138","27","2","40","87","103","62","179","4","1",".247",".327",".518",".845",".354","67.8","9112"
"Buster Posey","Giants","139","563","494","150","31","1","14","67","72","58","64","5","1",".304",".379",".451",".830",".353","59.8","9166"
"Andrew McCutchen","Giants","153","639","556","152","30","3","24","87","83","74","124","9","5",".274",".362",".470",".831",".353","92.5","9847"
"Joey Gallo","Rangers","148","556","472","102","20","3","38","81","83","76","201","6","2",".216",".330",".512",".842",".353","104.1","14128"
"Justin Upton","Angels","157","639","565","145","35","1","32","91","99","67","178","12","5",".257",".339",".494",".833",".351","49.3","5222"
"Jose Martinez","Cardinals","118","412","370","108","19","1","14","53","53","38","74","6","1",".292",".357",".464",".821",".350","252.7","7996"
"DJ LeMahieu","Rockies","154","653","582","183","28","5","9","94","63","59","89","10","5",".315",".379",".429",".808",".350","136.6","9874"
"Dexter Fowler","Cardinals","136","571","487","129","25","8","17","82","60","74","122","11","4",".264",".366",".452",".817",".350","243.6","4062"
"Gregory Bird","Yankees","147","549","477","118","28","1","28","72","84","62","127","0","0",".248",".339",".486",".825",".350","166.7","14131"
"Matt Olson","Athletics","146","571","496","119","23","1","33","79","88","66","147","2","0",".241",".336",".490",".826",".350","121.8","14344"
"Justin Smoak","Blue Jays","156","580","511","131","25","1","30","73","80","64","135","0","0",".256",".341",".483",".823",".350","157.6","9054"
"Yasiel Puig","Dodgers","152","577","511","139","24","3","26","74","79","57","106","12","6",".272",".346",".482",".828",".349","110.0","14225"
"Andrew Benintendi","Red Sox","154","647","565","158","32","4","21","87","90","68","105","19","6",".280",".359",".462",".820",".349","40.9","17901"
"Mitch Haniger","Mariners","133","533","477","131","29","3","20","70","68","44","116","7","5",".275",".346",".476",".822",".349","218.7","14274"
"Adam Eaton","Nationals","133","571","502","144","26","6","12","85","53","54","96","13","5",".286",".366",".438",".804",".348","153.8","11205"
"Trea Turner","Nationals","145","624","575","170","32","10","16","98","65","43","117","55","10",".295",".346",".468",".815",".347","4.5","16252"
"Jesse Winker","Reds","119","462","406","115","23","1","12","56","49","49","77","3","3",".283",".364",".434",".798",".347","319.1","13590"
"Ryan McMahon","Rockies","137","511","461","129","31","3","16","60","70","44","120","6","3",".279",".344",".467",".812",".346","303.2","15112"
"Eric Hosmer","Padres","159","653","586","170","29","2","21","88","91","62","115","6","2",".290",".357",".451",".809",".346","81.9","3516"
"Kyle Schwarber","Cubs","129","503","433","101","18","1","29","71","66","62","147","2","1",".233",".334",".480",".815",".346","163.9","16478"
"Josh Bell","Pirates","157","622","547","148","27","5","23","75","86","67","106","3","3",".271",".349",".465",".814",".346","188.4","13145"
"Austin Barnes","Dodgers","119","394","340","92","20","2","11","47","46","46","63","7","2",".270",".364",".434",".797",".345","208.1","12158"
"Yonder Alonso","Indians","143","529","465","125","27","0","20","69","66","60","101","2","1",".270",".354",".455",".809",".345","268.0","2530"
"Ryan Zimmerman","Nationals","129","516","469","127","26","1","25","71","81","39","112","2","0",".271",".328",".490",".818",".345","147.5","4220"
"Nick Castellanos","Tigers","158","642","591","162","35","8","27","71","96","41","143","3","3",".274",".323",".497",".820",".344","95.1","11737"
"Neil Walker","Yankees","114","458","403","109","19","2","17","58","54","47","81","1","1",".271",".350",".454",".804",".344","389.9","7539"
"Jake Lamb","Diamondbacks","153","616","529","133","29","5","25","80","91","76","149","5","3",".252",".349",".466",".815",".343","137.5","13329"
"Jesus Aguilar","Brewers","90","282","254","64","13","1","16","33","45","23","72","0","0",".252",".318",".499",".818",".343","532.8","11342"
"Michael Brantley","Indians","109","453","406","120","27","1","11","57","64","39","52","11","2",".297",".358",".451",".809",".343","240.9","4106"
"Joc Pederson","Dodgers","112","405","344","81","21","0","18","53","51","53","100","5","3",".235",".346",".453",".799",".343","393.2","11899"
"A.J. Pollock","Diamondbacks","141","586","533","150","36","7","16","88","60","45","86","28","7",".281",".341",".463",".803",".342","67.6","9256"
"Alex Avila","Diamondbacks","111","402","331","80","13","1","14","43","43","67","130","0","0",".241",".369",".411",".780",".342","327.1","7476"
"Logan Morrison","Twins","134","516","449","109","20","1","26","64","69","60","115","3","1",".244",".338",".471",".809",".342","273.9","9205"
"Rafael Devers","Red Sox","138","561","515","144","32","2","22","74","76","42","117","5","3",".280",".335",".480",".815",".342","115.8","17350"
"Zack Cozart","Angels","132","532","475","127","26","4","20","73","62","50","81","4","1",".268",".339",".463",".802",".342","222.1","2616"
"Willie Calhoun","Rangers","113","433","396","109","19","2","18","54","61","31","63","2","2",".274",".330",".474",".804",".341","268.7","17838"
"Kyle Seager","Mariners","158","647","578","153","34","1","28","80","90","58","106","3","2",".265",".337",".472",".809",".341","140.9","9785"
"Trey Mancini","Orioles","145","585","537","150","27","4","22","67","76","39","136","2","1",".280",".332",".471",".803",".341","151.9","15149"
"Travis Shaw","Brewers","154","615","551","144","33","1","27","80","93","56","140","8","1",".262",".333",".475",".808",".341","88.8","11982"
"Wil Myers","Padres","152","630","553","140","29","3","28","84","81","67","159","20","6",".253",".336",".467",".802",".341","64.4","10047"
"Marwin Gonzalez","Astros","137","513","465","130","29","1","18","62","69","37","103","8","4",".279",".338",".463",".801",".340","122.6","5497"
"Lorenzo Cain","Brewers","147","610","551","161","27","4","14","83","60","49","105","22","4",".292",".355",".434",".789",".340","82.2","9077"
"Nick Senzel","Reds","61","255","230","63","14","1","9","34","32","22","54","5","3",".272",".339",".454",".793",".340","351.0","sa873264"
"Aaron Altherr","Phillies","121","480","430","111","25","4","19","63","69","40","122","9","4",".259",".333",".468",".800",".339","285.3","11270"
"Eugenio Suarez","Reds","157","627","546","141","26","2","24","80","79","67","146","6","4",".258",".345",".445",".790",".339","186.6","12552"
"Robinson Chirinos","Rangers","115","394","342","82","19","1","19","51","47","39","100","1","0",".239",".331",".462",".793",".339","253.0","3142"
"Chris Taylor","Dodgers","149","588","530","146","31","6","17","83","62","51","136","18","6",".275",".342",".451",".793",".339","94.3","13757"
"Shin-Soo Choo","Rangers","126","529","454","119","20","1","17","76","62","62","113","7","3",".261",".358",".421",".778",".339","259.1","3174"
"Trevor Story","Rockies","147","584","526","131","32","4","28","78","87","51","184","10","4",".250",".320",".486",".806",".338","113.3","12564"
"Mike Moustakas","Royals","143","569","523","140","26","0","30","69","78","36","85","0","1",".267",".319",".490",".808",".338","134.8","4892"
"Jake Cave","Twins","19","77","70","19","4","0","4","10","9","6","21","0","0",".264",".322",".475",".797",".338","999.0","sa597983"
"Robinson Cano","Mariners","147","621","569","162","31","1","23","78","87","44","86","1","1",".284",".339",".460",".799",".338","88.2","3269"
"Eddie Rosario","Twins","155","610","568","159","32","4","27","82","80","31","124","11","6",".279",".315",".493",".807",".337","124.6","12155"
"Matt Joyce","Athletics","139","493","419","100","24","1","20","66","60","65","106","3","2",".239",".343",".442",".785",".337","471.1","3353"
"Avisail Garcia","White Sox","147","588","540","155","24","3","18","72","77","38","124","5","3",".288",".342",".446",".788",".337","197.7","5760"
"Mike Zunino","Mariners","126","457","405","93","22","0","27","52","65","41","156","0","0",".231",".313",".483",".796",".337","157.0","13265"
"Adam Lind","","83","270","243","66","13","0","12","33","44","24","48","0","0",".272",".334",".470",".804",".337","548.5","8027"
"Carlos Gonzalez","Rockies","133","529","476","128","32","1","20","71","69","47","119","3","1",".268",".333",".463",".796",".336","281.2","7287"
"Lucas Duda","Royals","137","533","462","107","28","0","28","60","72","59","136","0","0",".231",".326",".474",".801",".336","388.9","2502"
"Eloy Jimenez","White Sox","36","147","135","37","8","1","5","17","18","10","34","1","1",".275",".328",".461",".789",".336","402.2","sa830373"
"Joe Mauer","Twins","141","587","514","147","30","2","9","68","62","67","89","2","1",".285",".369",".405",".774",".336","393.0","1857"
"Cesar Hernandez","Phillies","145","604","534","154","23","7","8","80","41","64","110","17","7",".287",".366",".403",".769",".336","258.5","10556"
"Xander Bogaerts","Red Sox","155","646","586","169","32","4","14","92","76","52","113","13","2",".289",".351",".431",".781",".336","79.7","12161"
"Jay Bruce","Mets","146","596","537","133","28","3","31","74","91","52","135","3","2",".247",".315",".484",".799",".335","161.9","9892"
"Stephen Piscotty","Athletics","140","551","484","127","27","2","17","66","67","57","115","5","5",".262",".346",".433",".778",".335","286.3","13367"
"Shohei Ohtani","Angels","54","269","243","63","14","1","11","33","38","24","72","2","1",".259",".330",".453",".782",".335","92.9","19755"
"Mark Reynolds","","80","296","262","66","12","0","13","37","41","31","84","1","1",".254",".335",".446",".780",".335","449.5","7619"
"Steven Souza Jr.","Diamondbacks","126","499","433","105","19","2","21","65","63","58","148","12","5",".242",".338",".439",".777",".335","201.2","5667"
"Andre Ethier","","13","39","35","9","2","0","1","4","4","4","8","0","0",".264",".340",".455",".795",".335","999.0","6265"
"Yulieski Gurriel","Astros","122","488","455","132","34","1","14","60","65","23","56","3","2",".289",".328",".462",".790",".335","251.2","19198"
"Henry Ramos","Dodgers","10","42","38","10","2","0","2","5","5","4","9","1","0",".261",".331",".452",".782",".335","999.0","sa548440"
"Lonnie Chisenhall","Indians","121","424","382","104","24","2","15","48","61","30","83","4","2",".272",".329",".464",".793",".334","386.1","7571"
"Dustin Pedroia","Red Sox","104","442","394","115","20","0","9","52","52","42","49","4","3",".292",".360",".412",".772",".334","407.7","8370"
"Chris Iannetta","Rockies","99","362","314","76","18","0","14","37","42","43","92","0","0",".241",".338",".437",".775",".334","263.6","8267"
"Jedd Gyorko","Cardinals","133","502","452","116","18","1","24","56","69","44","110","4","2",".258",".324",".462",".786",".333","344.6","10816"
"Howie Kendrick","Nationals","82","316","287","83","15","2","7","39","34","23","58","7","3",".289",".348",".424",".772",".333","484.0","4229"
"Ian Happ","Cubs","138","537","476","119","23","3","26","74","79","49","155","10","5",".251",".322",".476",".799",".333","121.0","17919"
"Paul DeJong","Cardinals","138","554","516","137","29","2","26","64","75","29","149","2","1",".265",".311",".479",".790",".333","151.9","18015"
"Josh Reddick","Astros","137","532","480","137","27","3","13","68","69","45","72","7","3",".286",".343",".437",".780",".333","277.9","3892"
"Yoan Moncada","White Sox","147","598","523","131","23","5","20","83","61","66","180","22","9",".251",".339",".430",".769",".333","132.3","17232"
"Curtis Granderson","Blue Jays","111","433","372","86","19","2","19","60","50","54","97","4","2",".230",".332",".448",".780",".333","439.2","4747"
"Steve Pearce","Blue Jays","85","322","288","74","15","1","13","38","38","27","63","0","1",".256",".328",".454",".781",".332","604.5","9957"
"David Peralta","Diamondbacks","137","551","500","140","28","5","13","68","55","40","98","7","3",".280",".340",".435",".774",".332","267.8","2136"
"David Dahl","Rockies","100","393","364","101","19","4","12","52","42","25","96","12","4",".277",".326",".452",".778",".332","254.6","13744"
"Jonathan Schoop","Orioles","160","642","600","165","34","1","28","84","91","26","139","1","1",".276",".313",".472",".785",".332","64.2","11265"
"Asdrubal Cabrera","Mets","136","547","494","135","30","2","16","64","59","44","92","4","2",".273",".336",".440",".775",".331","313.3","4962"
"Evan Gattis","Astros","119","455","417","108","22","1","22","55","70","29","89","0","0",".259",".311",".479",".790",".331","141.2","11003"
"Hanley Ramirez","Red Sox","105","420","379","98","19","0","19","51","56","34","84","3","1",".259",".327",".458",".785",".331","313.5","8001"
"Nomar Mazara","Rangers","155","632","566","151","28","3","22","73","91","55","126","2","2",".266",".335",".443",".778",".331","152.8","14553"
"Nick Delmonico","White Sox","107","420","371","94","19","1","15","52","51","43","90","4","2",".253",".334",".435",".769",".331","432.4","13157"
"Yasmani Grandal","Dodgers","110","414","365","87","18","0","20","44","54","46","106","0","1",".239",".324",".450",".775",".331","220.5","11368"
"Robbie Grossman","Twins","89","341","290","73","16","1","7","43","33","47","70","3","2",".252",".358",".392",".750",".331","658.7","5254"
"Corey Dickerson","Pirates","113","447","417","111","26","3","19","55","51","26","105","2","2",".266",".312",".479",".791",".331","225.3","10762"
"Jackie Bradley Jr.","Red Sox","144","561","498","126","25","4","20","70","71","52","129","8","3",".254",".333",".442",".775",".331","287.8","12984"
"Mike Ford","Yankees","37","148","129","32","6","0","5","19","20","18","27","0","0",".248",".342",".417",".759",".330","674.1","sa708447"
"Odubel Herrera","Phillies","154","611","561","158","34","4","15","76","59","42","133","15","6",".282",".337",".436",".773",".330","213.1","11476"
"Starling Marte","Pirates","140","583","535","153","26","4","14","80","61","30","113","36","9",".287",".341",".425",".766",".330","47.9","9241"
"Aaron Hicks","Yankees","137","513","444","112","22","1","17","65","61","59","96","11","6",".253",".339",".428",".767",".330","226.1","5297"
"Colin Moran","Pirates","126","479","433","115","20","3","16","51","62","40","100","1","2",".265",".331",".437",".768",".330","392.6","16909"
"Eduardo Nunez","Red Sox","121","487","459","136","27","2","13","60","57","21","63","25","7",".296",".329",".444",".773",".330","135.4","6848"
"Albert Almora Jr.","Cubs","125","418","389","110","23","2","13","51","51","23","65","4","1",".282",".323",".453",".775",".329","388.0","14109"
"Wilmer Flores","Mets","112","411","382","103","19","1","19","47","58","22","59","1","1",".270",".310",".474",".784",".329","360.9","5827"
"Chris Davis","Orioles","142","579","499","112","19","1","31","77","75","70","199","1","1",".224",".323",".453",".776",".329","251.5","9272"
"Garrett Cooper","Marlins","60","233","210","58","15","1","7","25","33","16","49","0","0",".274",".325",".451",".777",".329","638.4","15279"
"Franklin Gutierrez","","19","60","54","13","3","0","3","7","8","5","16","0","0",".249",".323",".446",".769",".329","999.0","3255"
"Ryon Healy","Mariners","133","532","502","139","27","0","23","62","69","24","118","0","0",".276",".312",".465",".777",".329","228.7","15447"
"Matt Chapman","Athletics","149","587","522","123","32","3","27","72","75","57","170","3","3",".235",".313",".462",".775",".329","281.4","16505"
"Yangervis Solarte","Blue Jays","127","499","456","123","26","1","18","56","66","35","60","2","1",".269",".325",".450",".775",".329","290.0","5352"
"Matt Kemp","Dodgers","102","396","369","100","20","1","18","45","56","24","90","1","1",".271",".313",".472",".785",".328","302.5","5631"
"Anthony Santander","Orioles","20","76","69","18","4","0","3","9","10","5","17","0","0",".266",".316",".462",".778",".328","613.1","14551"
"Elvis Andrus","Rangers","157","646","595","171","37","5","13","84","73","42","88","23","9",".288",".334",".432",".767",".328","60.2","8709"
"Matt Adams","Nationals","96","300","276","71","17","0","14","34","47","20","72","0","0",".259",".310",".477",".787",".328","474.8","9393"
"Jonathan Lucroy","Athletics","125","484","431","118","23","3","12","53","54","45","66","2","1",".273",".344",".421",".766",".328","203.2","7870"
"Jean Segura","Mariners","146","629","585","171","32","4","13","88","56","34","93","26","8",".292",".338",".426",".764",".328","74.5","5933"
"Teoscar Hernandez","Blue Jays","91","346","315","79","18","1","16","45","41","26","90","7","4",".252",".311",".466",".777",".328","374.7","13066"
"Kevin Kiermaier","Rays","143","577","525","140","24","6","18","74","56","42","118","23","8",".267",".327",".441",".768",".328","156.4","11038"
"Ronald Acuna","Braves","131","536","490","134","22","4","16","65","63","38","130","24","11",".274",".329",".435",".764",".328","102.3","sa877503"
"Jose Pirela","Padres","108","423","385","105","25","4","11","51","47","29","77","6","3",".272",".325",".444",".768",".328","357.8","5485"
"Scott Schebler","Reds","137","521","468","116","23","3","25","63","68","37","119","6","3",".247",".315",".467",".782",".328","284.7","12225"
"Joe Panik","Giants","140","579","514","144","28","5","10","69","58","50","55","4","2",".280",".347",".415",".762",".327","382.7","11936"
"Byron Buxton","Twins","158","601","544","142","23","9","20","84","66","45","175","30","3",".262",".322",".447",".769",".327","48.9","14161"
"Max Kepler","Twins","145","563","503","126","29","4","20","68","74","51","109","8","2",".251",".323",".445",".769",".327","293.1","12144"
"Andrew Toles","Dodgers","76","280","259","70","14","1","10","38","35","16","53","6","4",".272",".320",".451",".771",".327","502.6","13414"
"Tommy La Stella","Cubs","48","128","112","30","7","0","3","13","14","13","19","1","1",".270",".347",".412",".759",".327","678.9","12371"
"Jason Kipnis","Indians","128","539","481","126","33","2","16","68","57","45","107","10","3",".262",".327",".438",".765",".327","230.5","9776"
"Luis Urias","Padres","47","192","171","49","7","2","2","23","14","18","24","3","2",".285",".362",".375",".737",".327","592.6","sa828496"
"Kole Calhoun","Angels","155","641","565","145","27","3","20","80","74","63","129","4","2",".257",".336",".422",".758",".326","280.2","11200"
"Seth Smith","","87","308","268","68","15","1","10","40","33","31","65","1","0",".253",".335",".428",".763",".326","681.0","7331"
"Mikie Mahtook","Tigers","152","552","507","134","24","6","19","63","57","32","127","10","2",".264",".317",".449",".766",".326","344.3","13130"
"Devon Travis","Blue Jays","98","402","376","105","29","1","11","51","48","20","77","6","3",".279",".318",".450",".767",".326","372.9","13862"
"Clint Frazier","Yankees","55","218","196","49","12","3","7","29","27","19","56","4","1",".250",".317",".450",".767",".326","523.1","15983"
"Javier Baez","Cubs","154","556","514","137","26","3","24","76","78","32","151","13","4",".267",".315",".469",".784",".326","104.5","12979"
"Austin Jackson","Giants","92","354","318","88","21","4","5","42","34","30","74","5","2",".278",".340",".416",".756",".326","540.2","9848"
"Gregory Polanco","Pirates","147","585","530","140","31","3","19","71","71","49","101","17","5",".264",".326",".445",".771",".326","145.4","12907"
"Danny Jansen","Blue Jays","31","119","106","28","6","0","3","12","12","11","17","0","0",".264",".342",".406",".748",".326","639.9","sa738162"
"Brett Gardner","Yankees","143","623","544","142","24","4","15","86","55","66","113","17","5",".261",".345",".402",".748",".326","177.8","9927"
"Logan Forsythe","Dodgers","120","467","403","101","21","1","12","59","45","55","104","5","3",".252",".347",".398",".745",".326","407.8","7185"
"J.T. Realmuto","Marlins","132","530","491","137","28","4","14","60","56","31","95","8","3",".279",".327",".438",".765",".326","106.8","11739"
"Adam Frazier","Pirates","99","379","343","97","17","4","5","47","36","30","49","10","5",".283",".346",".405",".751",".325","417.0","15223"
"Randal Grichuk","Blue Jays","128","477","444","108","27","3","25","62","67","27","141","5","2",".244",".291",".491",".782",".325","280.9","10243"
"Scooter Gennett","Reds","142","536","497","134","26","3","19","68","74","32","113","4","2",".271",".318",".448",".766",".325","206.1","10339"
"Tyler Austin","Yankees","45","162","144","36","8","1","7","19","22","14","50","1","0",".246",".309",".464",".773",".325","658.6","11850"
"Kendrys Morales","Blue Jays","144","575","523","133","26","0","25","65","82","43","119","0","0",".255",".317",".447",".764",".325","309.3","8610"
"Ozzie Albies","Braves","150","638","578","159","27","10","13","84","61","47","114","25","6",".275",".333",".422",".755",".325","112.8","16556"
"Adam Jones","Orioles","148","625","583","159","25","1","26","79","78","29","110","2","1",".273",".313",".454",".766",".324","148.5","6368"
"Brett Phillips","Brewers","51","188","167","43","8","2","7","24","25","17","58","5","1",".259",".330",".442",".772",".324","554.3","14735"
"Ben Zobrist","Cubs","125","502","436","110","24","2","12","64","54","60","69","3","2",".253",".344",".404",".748",".324","465.3","7435"
"Hunter Renfroe","Padres","108","419","390","97","22","2","22","50","58","23","111","3","1",".250",".298",".481",".779",".324","319.0","15464"
"Jed Lowrie","Athletics","126","522","464","124","32","2","10","62","53","52","83","0","0",".267",".342",".408",".750",".324","414.2","4418"
"Kennys Vargas","Twins","66","247","220","53","11","0","11","30","33","24","71","0","0",".242",".319",".441",".759",".324","645.6","12101"
"Evan Longoria","Giants","153","641","582","157","36","2","21","70","81","43","111","4","2",".269",".320",".449",".769",".324","205.6","9368"
"Mitch Moreland","Red Sox","119","453","407","102","24","0","18","52","61","38","99","0","0",".250",".321",".444",".764",".324","413.8","3086"
"Victor Robles","Nationals","122","450","404","109","23","7","9","50","39","25","83","18","8",".269",".328",".424",".752",".324","304.1","18363"
"Ryan Schimpf","Braves","49","189","162","33","7","1","11","22","24","22","61","0","1",".201",".305",".461",".766",".324","669.0","9953"
"Welington Castillo","White Sox","110","417","382","100","16","0","18","44","59","28","110","0","0",".262",".314",".447",".761",".323","170.5","3256"
"Ian Desmond","Rockies","138","560","510","139","22","2","18","73","68","38","135","17","6",".272",".327",".428",".755",".323","116.9","6885"
"Derek Dietrich","Marlins","146","506","447","114","24","5","14","58","55","39","109","1","1",".254",".332",".425",".757",".323","461.5","10542"
"Russell Martin","Blue Jays","109","423","360","82","15","0","16","54","50","52","102","2","2",".228",".336",".402",".738",".323","314.1","4616"
"Yandy Diaz","Indians","70","280","244","67","12","1","3","33","24","32","50","3","1",".274",".358",".371",".730",".323","527.9","16578"
"Dominic Smith","Mets","86","332","303","79","16","1","12","37","46","25","69","1","1",".260",".320",".434",".754",".323","451.6","15653"
"Derek Fisher","Astros","106","408","361","88","16","3","14","53","51","41","110","12","6",".244",".326",".425",".751",".322","384.6","16192"
"Denard Span","Rays","122","520","472","128","25","4","12","65","43","40","67","9","5",".271",".332",".412",".744",".322","442.6","8347"
"Brandon Drury","Yankees","115","431","400","108","28","1","12","45","53","26","85","2","1",".269",".316",".440",".756",".322","355.0","11615"
"Ender Inciarte","Braves","153","665","610","180","27","6","9","88","50","46","83","21","9",".295",".345",".400",".744",".322","121.7","4922"
"Dan Vogelbach","Mariners","73","264","232","56","11","0","9","28","33","29","61","1","1",".243",".330",".410",".740",".322","541.8","14130"
"Jabari Blash","Angels","20","69","59","13","2","0","3","8","8","9","22","1","0",".226",".331",".408",".738",".322","692.6","11247"
"Tyler Flowers","Braves","111","404","366","96","19","0","14","40","52","22","104","0","0",".262",".322",".427",".749",".322","302.2","9134"
"Brandon Nimmo","Mets","96","358","309","78","16","2","7","41","32","41","87","3","2",".253",".346",".389",".735",".322","481.1","12927"
"Kolten Wong","Cardinals","144","528","465","126","26","5","8","64","52","46","79","14","3",".271",".350",".400",".750",".321","358.2","12532"
"Kurt Suzuki","Braves","83","308","280","74","15","0","11","31","43","17","40","0","0",".263",".319",".435",".754",".321","363.2","8259"
"Danny Valencia","Orioles","87","337","306","81","14","1","11","41","41","26","81","1","1",".265",".322",".431",".752",".321","601.1","6364"
"Jeimer Candelario","Tigers","142","556","498","132","31","2","14","61","66","50","118","1","1",".265",".338",".418",".756",".321","338.4","13621"
"Jordan Patterson","Rockies","20","78","71","18","4","0","2","9","10","5","20","1","0",".259",".319",".429",".748",".321","999.0","15119"
"Brian McCann","Astros","114","440","386","93","13","1","19","52","63","43","75","1","0",".241",".325",".425",".750",".321","222.3","4810"
"Yasmany Tomas","Diamondbacks","73","280","262","67","15","1","12","31","41","17","70","1","1",".258",".302",".458",".760",".321","375.6","17171"
"Todd Frazier","Mets","145","579","500","111","22","1","26","71","76","66","129","7","4",".223",".320",".427",".747",".321","285.9","785"
"Manuel Margot","Padres","145","612","565","153","24","10","15","77","53","40","108","26","9",".271",".321",".429",".750",".321","138.1","14712"
"Tyler Naquin","Indians","33","122","110","29","7","1","3","14","12","10","32","2","1",".267",".328",".421",".749",".321","666.7","13359"
"Melky Cabrera","","136","568","525","149","30","3","13","63","71","34","64","2","1",".284",".327",".423",".749",".320","362.8","4022"
"Luke Voit","Cardinals","52","181","163","41","9","1","6","21","23","14","38","0","0",".252",".320",".423",".744",".320","671.0","14811"
"Gerardo Parra","Rockies","103","394","368","106","23","2","9","50","51","17","66","4","3",".287",".319",".435",".754",".320","362.2","8553"
"Didi Gregorius","Yankees","151","595","555","153","29","1","20","74","80","28","79","4","1",".276",".314",".441",".755",".320","120.4","6012"
"Nick Williams","Phillies","122","485","447","118","22","4","17","60","65","26","132","4","3",".264",".310",".446",".755",".320","314.5","14330"
"Mitch Garver","Twins","66","240","212","52","12","1","6","26","27","25","57","1","1",".246",".330",".407",".737",".320","562.7","15161"
"Alex Dickerson","Padres","60","219","200","52","12","2","6","28","27","16","40","2","1",".260",".319",".434",".753",".320","632.9","12649"
"Matt Holliday","","89","349","307","73","15","0","14","39","49","35","79","1","0",".239",".321",".426",".747",".320","687.0","1873"
"Tim Beckham","Orioles","145","557","516","135","21","5","20","65","60","34","160","6","4",".262",".312",".437",".749",".320","259.5","7949"
"C.J. Cron","Rays","137","525","483","125","24","2","21","56","76","29","120","4","2",".258",".308",".446",".754",".320","353.8","12546"
"David Freese","Pirates","106","403","352","91","16","0","10","41","43","39","99","0","0",".258",".345",".387",".732",".320","633.8","9549"
"Jake Bauers","Rays","75","303","266","67","15","0","7","37","35","32","63","5","2",".253",".337",".395",".731",".320","491.4","sa737848"
"Miguel Andujar","Yankees","82","304","281","76","18","1","8","32","43","18","49","4","1",".271",".318",".430",".748",".320","406.7","15878"
"Brian Goodwin","Nationals","48","187","168","42","11","1","7","22","20","15","48","4","1",".247",".309",".448",".757",".319","604.7","12858"
"Yunel Escobar","","72","300","274","78","15","1","4","35","24","23","39","1","1",".284",".341",".390",".731",".319","673.1","4191"
"Hunter Pence","Giants","126","502","456","122","18","4","14","56","65","40","91","3","2",".267",".327",".415",".742",".319","426.2","8252"
"Luis Valbuena","Angels","116","427","368","83","17","0","20","48","59","49","104","1","1",".225",".315",".436",".751",".319","503.8","4969"
"Jordan Luplow","Pirates","54","203","180","45","9","1","7","23","23","17","42","2","1",".249",".321",".422",".743",".319","678.7","16424"
"Raimel Tapia","Rockies","72","252","236","68","14","3","4","33","23","12","46","8","3",".287",".324",".424",".747",".318","394.6","14350"
"Drew Robinson","Rangers","55","200","178","42","9","2","7","24","22","20","61","3","2",".235",".314",".427",".742",".318","632.5","11761"
"Ian Kinsler","Angels","144","620","562","144","25","3","20","90","61","48","91","12","5",".256",".322",".418",".740",".318","183.5","6195"
"Gleyber Torres","Yankees","103","410","368","96","19","2","10","46","46","36","91","11","8",".260",".329",".405",".734",".318","304.3","sa830372"
"Jorge Polanco","Twins","67","274","248","66","14","2","7","30","35","20","41","7","3",".267",".321",".424",".745",".318","232.4","13152"
"Josh Harrison","Pirates","134","548","504","139","28","3","13","66","51","25","87","14","5",".276",".323",".419",".742",".318","268.1","8202"
"Francisco Cervelli","Pirates","101","378","328","86","15","2","5","39","35","42","76","2","1",".262",".352",".363",".716",".318","425.5","5275"
"Nick Markakis","Braves","152","625","553","151","33","1","9","66","68","63","97","1","1",".272",".349",".383",".733",".318","435.8","5930"
"Maikel Franco","Phillies","143","571","525","134","27","1","24","65","78","38","90","1","1",".254",".308",".444",".752",".317","242.1","12179"
"Jarrett Parker","","61","220","196","48","10","2","7","26","26","21","67","2","2",".244",".322",".420",".742",".317","695.9","11624"
"Noel Cuevas","Rockies","11","41","37","10","2","0","1","5","4","3","9","0","0",".269",".325",".410",".735",".317","999.0","sa549566"
"Jose Bautista","","80","335","284","62","14","0","12","45","39","44","76","2","1",".219",".328",".402",".730",".317","432.1","1887"
"J.P. Crawford","Phillies","140","568","487","119","23","5","11","64","53","72","106","7","4",".244",".340",".383",".723",".317","376.8","15491"
"Tommy Joseph","Rangers","71","261","241","60","13","0","13","27","35","16","59","0","0",".248",".294",".458",".752",".317","572.3","10349"
"Adam Duvall","Reds","147","592","540","131","31","3","27","70","87","36","157","5","3",".242",".294",".464",".757",".316","179.6","10950"
"Jorge Bonifacio","Royals","92","356","324","81","14","2","12","45","38","28","95","2","1",".251",".315",".421",".736",".316","430.9","12174"
"Whit Merrifield","Royals","154","654","608","168","35","5","15","81","66","33","102","29","8",".277",".317",".424",".741",".316","69.6","11281"
"Marcus Semien","Athletics","148","610","547","135","28","3","21","77","66","55","132","15","3",".247",".316",".421",".737",".316","222.4","12533"
"Salvador Perez","Royals","135","531","502","130","26","1","25","58","74","19","101","0","0",".260",".293",".463",".756",".316","97.3","7304"
"A.J. Reed","Astros","46","181","160","38","8","0","7","22","24","18","51","0","0",".237",".318",".414",".732",".316","628.9","16246"
"Brandon Crawford","Giants","154","599","538","140","32","5","16","63","80","48","117","4","3",".261",".322",".426",".748",".316","338.8","5343"
"Mark Trumbo","Orioles","138","551","509","124","21","1","26","71","70","39","138","1","0",".244",".300",".443",".743",".316","278.5","6876"
"Jayson Werth","Mariners","67","258","225","53","10","1","8","33","27","30","60","2","1",".235",".327",".399",".727",".316","694.0","1327"
"Pat Valaika","Rockies","88","259","242","62","14","1","11","32","37","12","63","3","2",".255",".290",".458",".749",".316","581.9","14885"
"Chris Young","Angels","61","196","175","42","10","1","6","23","19","19","41","2","1",".241",".317",".416",".733",".315","697.2","3882"
"Wilson Ramos","Rays","121","456","425","115","17","0","18","45","67","24","75","0","0",".269",".308",".440",".748",".315","158.4","1433"
"Brad Miller","Rays","134","505","441","103","21","4","16","56","57","57","124","7","4",".234",".323",".411",".734",".315","450.1","12775"
"Mike Napoli","Indians","51","204","178","38","6","0","11","25","27","22","62","1","0",".214",".306",".434",".740",".315","582.7","3057"
"Troy Tulowitzki","Blue Jays","110","410","374","96","18","0","15","43","51","30","74","1","1",".256",".314",".423",".737",".315","401.7","3531"
"Stephen Vogt","Brewers","91","312","285","72","16","1","11","32","40","23","55","0","0",".252",".309",".433",".742",".315","372.4","5000"
"Harrison Bader","Cardinals","56","207","188","47","8","1","9","24","21","14","54","5","3",".250",".307",".444",".751",".315","572.0","18030"
"Ezequiel Carrera","Braves","91","268","238","63","8","1","6","34","20","23","61","7","2",".263",".333",".386",".719",".315","664.8","9048"
"Ketel Marte","Diamondbacks","133","512","465","126","25","5","8","59","42","40","78","14","4",".271",".332",".400",".731",".314","336.6","13613"
"Victor Caratini","Cubs","45","152","138","37","8","0","3","16","16","13","29","0","0",".266",".333",".403",".736",".314","550.5","14968"
"Daniel Nava","Pirates","45","149","128","33","5","0","2","13","14","15","27","0","0",".259",".348",".359",".707",".314","661.7","5450"
"Jonathan Villar","Brewers","126","482","435","112","23","2","12","61","46","42","132","33","11",".258",".324",".403",".727",".314","175.3","10071"
"Aledmys Diaz","Blue Jays","83","325","298","79","18","1","9","39","35","20","49","3","2",".264",".312",".430",".742",".314","477.0","15937"
"Ronald Guzman","Rangers","26","105","95","25","4","0","3","13","12","8","21","0","0",".257",".318",".411",".729",".314","658.6","sa659670"
"Tyler O'Neill","Cardinals","31","121","110","26","5","1","5","14","17","10","34","2","1",".239",".306",".428",".734",".314","648.8","sa737633"
"Carlos Gomez","Rays","126","498","446","109","25","1","16","55","56","34","142","16","6",".244",".313",".416",".730",".314","310.5","4881"
"Michael Taylor","Nationals","124","457","421","107","21","3","17","54","53","31","142","18","6",".253",".306",".437",".743",".314","223.6","11489"
"Yadier Molina","Cardinals","128","500","461","128","26","1","11","49","63","29","63","4","2",".278",".323",".412",".735",".314","151.7","7007"
"Chase Headley","Padres","137","535","472","123","24","1","11","61","52","51","120","6","2",".260",".336",".384",".719",".313","408.3","4720"
"Andrelton Simmons","Angels","156","619","567","156","32","3","11","70","63","43","60","15","5",".275",".327",".400",".726",".313","218.4","10847"
"T.J. Rivera","Mets","17","65","60","17","3","0","2","7","7","2","9","0","0",".280",".313",".422",".735",".313","644.7","12495"
"Greg Garcia","Cardinals","83","275","235","60","10","1","3","28","21","32","56","3","1",".256",".355",".348",".702",".313","668.8","10951"
"Jon Jay","Royals","117","407","365","102","20","2","2","54","29","29","75","5","2",".279",".347",".365",".713",".313","554.0","5227"
"Tyler White","Astros","41","154","139","34","8","0","6","17","20","12","35","1","1",".244",".307",".425",".731",".312","649.0","15564"
"Cory Spangenberg","Padres","104","381","348","91","15","3","9","43","34","27","93","9","4",".262",".322",".400",".722",".312","397.6","12294"
"Jacoby Ellsbury","Yankees","91","347","311","82","15","3","6","47","32","31","53","15","4",".262",".334",".383",".717",".312","464.0","4727"
"Brandon Moss","","111","392","351","76","15","1","21","44","51","37","121","1","0",".218",".295",".442",".737",".312","642.3","4467"
"Chase Utley","Dodgers","87","309","277","68","16","3","7","38","30","24","53","3","1",".247",".319",".403",".722",".312","999.0","1679"
"Zack Granite","Twins","56","210","189","52","9","1","3","25","20","16","25","8","3",".275",".334",".382",".716",".312","642.6","15343"
"Brandon Guyer","Indians","55","176","157","40","9","1","4","22","17","12","33","2","1",".252",".324",".392",".716",".312","709.3","2636"
"Scott Kingery","Phillies","79","325","300","79","15","3","8","41","30","19","67","12","4",".264",".312",".415",".727",".312","277.4","sa857705"
"Rougned Odor","Rangers","158","625","583","143","26","4","29","80","81","30","139","15","6",".245",".289",".454",".743",".312","104.3","12282"
"Ben Gamel","Mariners","118","463","421","113","21","5","8","55","47","33","98","6","2",".268",".322",".401",".722",".312","453.0","12160"
"J.D. Davis","Astros","24","91","82","20","4","0","4","10","11","6","24","1","0",".244",".297",".441",".738",".311","645.9","16219"
"Chad Pinder","Athletics","114","425","390","96","21","2","17","50","52","24","113","3","2",".245",".297",".437",".734",".311","451.1","15191"
"Victor Martinez","Tigers","121","481","436","115","18","0","14","45","58","37","69","0","0",".263",".326",".400",".725",".311","497.7","393"
"Rob Segedin","Dodgers","20","64","58","14","3","1","2","7","7","4","15","0","0",".246",".301",".435",".736",".311","999.0","11446"
"Addison Russell","Cubs","139","520","469","114","26","3","18","63","69","42","122","4","1",".243",".311",".423",".735",".311","263.8","14106"
"Vladimir Guerrero Jr.","Blue Jays","5","22","20","5","1","0","0","3","3","2","4","0","0",".258",".326",".386",".712",".311","539.9","sa920245"
"Chris Carter","Angels","14","53","47","10","2","0","3","6","7","6","18","0","0",".208",".293",".440",".733",".311","999.0","9911"
"Adrian Gonzalez","Mets","90","351","317","83","19","0","9","32","45","28","62","0","1",".262",".320",".411",".731",".311","501.7","1908"
"Tucker Barnhart","Reds","121","443","392","104","23","1","8","34","46","42","72","2","1",".264",".337",".389",".726",".311","322.8","10200"
"Martin Prado","Marlins","105","437","402","112","22","1","7","44","46","28","57","1","1",".280",".327",".393",".720",".311","560.7","3312"
"Keon Broxton","Brewers","85","246","217","49","9","2","9","32","26","24","86","13","5",".228",".311",".408",".720",".311","351.9","9253"
"Eduardo Escobar","Twins","134","500","462","117","21","4","17","56","65","31","97","3","2",".253",".304",".427",".731",".310","425.2","6153"
"Alex Verdugo","Dodgers","67","214","194","49","9","1","5","22","23","18","33","2","3",".255",".320",".393",".713",".310","544.1","17027"
"Anthony Alford","Blue Jays","39","155","138","35","7","0","3","17","14","15","34","4","1",".251",".330",".375",".705",".310","570.2","14329"
"Phillip Ervin","Reds","56","201","177","42","8","1","6","24","22","18","44","9","3",".239",".320",".390",".710",".310","664.6","14738"
"Orlando Arcia","Brewers","159","597","551","150","23","4","15","66","63","39","107","19","7",".272",".320",".409",".729",".310","182.4","13185"
"Jose Reyes","Mets","86","354","320","81","15","4","9","45","34","29","51","14","4",".254",".315",".405",".720",".309","328.5","1736"
"Mike Tauchman","Rockies","35","109","99","26","4","1","2","12","10","9","22","3","2",".263",".329",".379",".708",".309","999.0","15274"
"Chance Sisco","Orioles","76","290","260","66","13","0","6","30","30","25","71","1","1",".254",".328",".378",".706",".309","351.5","15694"
"Travis d'Arnaud","Mets","107","392","358","89","18","1","14","41","48","28","66","0","0",".250",".307",".420",".727",".309","284.3","7739"
"Eric Sogard","Brewers","85","290","254","67","12","1","3","35","24","31","36","5","2",".262",".348",".351",".699",".309","607.3","7927"
"Enrique Hernandez","Dodgers","108","308","271","62","17","2","10","38","32","32","71","2","1",".227",".309",".415",".724",".309","536.8","10472"
"Christian Villanueva","Padres","21","80","74","18","4","0","3","9","10","5","18","0","0",".245",".300",".423",".723",".309","658.8","11738"
"O'Koyea Dickson","","13","32","28","6","1","0","1","3","3","4","7","0","0",".228",".333",".383",".716",".309","999.0","12677"
"Brandon Phillips","","82","310","293","83","16","0","6","38","33","11","37","6","4",".282",".316",".404",".720",".309","441.1","791"
"Jason Heyward","Cubs","117","485","435","112","20","3","10","56","51","43","72","8","4",".257",".326",".383",".709",".309","411.4","4940"
"Manny Pina","Brewers","93","330","302","77","18","0","9","36","41","21","65","1","1",".256",".310",".406",".716",".308","350.4","2829"
"Austin Hays","Orioles","104","401","375","98","17","3","14","42","55","17","81","2","2",".261",".294",".436",".730",".308","353.7","19363"
"James McCann","Tigers","116","430","392","99","16","2","13","39","52","26","103","1","0",".253",".309",".407",".716",".308","300.8","12859"
"Sam Travis","Red Sox","14","49","44","11","3","0","1","6","4","4","10","1","0",".259",".327",".378",".704",".308","678.6","16263"
"Johan Camargo","Braves","140","488","454","124","30","5","8","52","49","26","92","2","1",".273",".314",".411",".725",".308","441.8","14950"
"Justin Williams","Rays","17","69","64","16","3","0","2","8","8","4","15","0","0",".255",".303",".415",".718",".308","702.3","sa737559"
"Boog Powell","Athletics","86","315","278","74","12","1","5","42","28","29","59","7","4",".264",".332",".371",".704",".308","593.8","15103"
"Starlin Castro","Marlins","145","588","553","153","26","1","14","63","65","26","111","3","1",".277",".313",".406",".719",".308","285.8","4579"
"Ryan O'Hearn","Royals","46","184","166","40","8","0","6","18","21","16","52","1","1",".239",".306",".409",".715",".308","695.6","sa829141"
"Jorge Soler","Royals","133","487","427","98","19","1","17","54","56","52","137","0","0",".230",".316",".399",".715",".308","367.8","14221"
"Bruce Maxwell","Athletics","94","339","299","75","17","0","7","30","36","35","74","0","0",".249",".326",".378",".703",".307","467.0","13866"
"Bradley Zimmer","Indians","147","555","492","120","22","4","14","68","63","50","162","29","7",".245",".320",".390",".710",".307","192.4","16221"
"Jason Castro","Twins","116","418","368","85","21","1","12","48","43","45","118","1","0",".230",".318",".387",".705",".307","381.9","8722"
"Cameron Rupp","","64","248","224","52","13","0","10","24","28","21","75","0","0",".232",".303",".420",".722",".307","503.3","11146"
"Daniel Descalso","Diamondbacks","83","259","225","53","10","3","6","30","31","29","56","2","1",".237",".326",".383",".710",".307","646.6","8392"
"Delino DeShields","Rangers","158","607","526","136","22","3","8","97","40","61","142","37","11",".258",".337",".358",".695",".307","175.4","11379"
"Bryce Brentz","Mets","19","74","68","16","3","0","3","8","9","5","19","0","0",".242",".298",".418",".716",".306","700.3","10607"
"Ryan Raburn","","12","37","33","8","1","0","1","4","4","4","12","0","0",".232",".311",".398",".709",".306","999.0","2218"
"Dustin Fowler","Athletics","113","452","426","111","22","6","12","53","55","20","93","13","6",".260",".296",".424",".720",".306","362.1","17098"
"Dylan Cozens","Phillies","13","51","46","10","2","0","3","6","7","5","19","1","0",".216",".290",".426",".716",".306","700.7","sa657955"
"Sean Rodriguez","Pirates","85","236","208","48","8","1","8","29","24","21","73","2","1",".229",".311",".397",".708",".305","639.8","6589"
"Jesmuel Valentin","Phillies","21","84","77","20","4","0","2","9","9","6","16","1","0",".254",".311",".393",".705",".305","999.0","sa657867"
"Devin Mesoraco","Reds","60","215","190","43","9","1","7","20","24","20","47","1","0",".228",".311",".388",".700",".305","477.2","5666"
"Mike Gerber","Tigers","15","63","58","14","3","0","2","7","7","5","15","1","0",".242",".303",".405",".708",".304","710.8","sa550125"
"Luis Guillorme","Mets","9","36","32","8","1","0","0","4","3","4","5","0","0",".259",".341",".341",".681",".304","999.0","sa737882"
"Matt Duffy","Rays","117","466","428","116","19","3","8","52","49","28","75","10","4",".270",".319",".382",".701",".304","445.6","13836"
"Geovany Soto","","8","28","25","6","1","0","1","3","3","2","7","0","0",".233",".301",".407",".708",".304","999.0","3707"
"Jake Smolinski","Athletics","36","122","110","27","4","1","3","12","12","9","20","1","1",".246",".313",".386",".699",".304","678.9","5408"
"Dee Gordon","Mariners","154","664","626","186","21","8","3","97","37","27","94","56","15",".296",".330",".368",".698",".304","28.7","8203"
"Willy Adames","Rays","60","250","224","55","11","2","5","28","22","24","64","5","2",".246",".319",".377",".696",".304","480.1","sa736655"
"Jefry Marte","Angels","36","138","124","28","6","0","6","15","18","10","30","2","1",".225",".296",".412",".708",".304","999.0","5107"
"Steve Clevenger","","7","28","26","7","1","0","1","3","3","2","5","0","0",".256",".317",".382",".699",".304","999.0","9542"
"Kevin Pillar","Blue Jays","152","591","551","145","35","2","13","67","49","28","89","15","5",".263",".305",".403",".707",".304","323.8","12434"
"Mark Canha","Athletics","50","194","175","41","11","1","6","22","22","13","48","2","0",".233",".298",".410",".708",".303","999.0","11445"
"Omar Narvaez","White Sox","68","244","213","56","8","0","2","21","15","27","35","0","0",".262",".346",".336",".681",".303","661.1","13338"
"Abraham Almonte","Indians","25","88","78","19","5","1","2","10","7","8","18","2","1",".240",".310",".395",".705",".303","999.0","5486"
"Andrew Knapp","Phillies","45","175","153","37","8","1","4","20","16","20","47","1","0",".243",".328",".379",".707",".303","629.3","14942"
"Christian Vazquez","Red Sox","103","373","346","94","19","2","5","43","35","22","70","5","2",".271",".319",".380",".698",".303","299.4","9774"
"Dalton Pompey","Blue Jays","13","37","34","8","1","0","1","5","3","3","8","2","1",".246",".312",".384",".697",".303","999.0","12797"
"Stephen Drew","","36","119","107","26","6","0","3","13","14","10","22","1","0",".243",".304",".404",".708",".303","747.0","4251"
"Hernan Perez","Brewers","101","352","332","88","16","2","10","37","42","15","66","15","4",".264",".295",".418",".713",".303","387.6","5751"
"Jordy Mercer","Pirates","146","549","497","127","24","4","12","56","56","46","86","1","2",".256",".322",".390",".711",".303","501.6","6547"
"Jake Marisnick","Astros","95","288","262","61","13","1","11","43","31","19","87","11","4",".234",".294",".414",".708",".302","539.2","11339"
"Carlos Asuaje","Padres","100","404","363","94","17","3","5","42","34","34","75","3","2",".258",".326",".363",".688",".302","577.1","15197"
"Jarrod Dyson","Diamondbacks","100","338","303","79","12","6","3","47","29","24","48","26","7",".260",".326",".369",".695",".302","378.6","4866"
"Austin Slater","Giants","45","173","159","42","7","1","3","18","19","12","40","1","1",".261",".317",".376",".694",".302","681.8","16153"
"Albert Pujols","Angels","141","581","536","134","18","0","23","59","90","38","79","2","1",".249",".300",".414",".714",".302","312.3","1177"
"Amed Rosario","Mets","144","566","531","142","22","8","10","60","52","27","125","20","8",".267",".307",".396",".703",".302","247.3","15518"
"Francisco Mejia","Indians","70","253","234","61","12","1","7","27","33","15","44","3","1",".261",".309",".410",".719",".302","353.4","16403"
"Christian Walker","Diamondbacks","11","32","29","7","1","0","1","4","4","2","8","0","0",".230",".300",".398",".698",".302","663.1","13419"
"Jurickson Profar","Rangers","65","241","210","51","9","1","4","28","21","24","39","3","1",".245",".328",".354",".681",".302","543.0","10815"
"Rusney Castillo","Red Sox","18","61","58","15","3","0","1","8","7","3","10","1","1",".268",".305",".395",".700",".302","656.3","17016"
"Matt Szczur","Padres","35","100","88","21","5","0","2","11","8","9","19","2","1",".239",".318",".372",".690",".302","999.0","11255"
"Cheslor Cuthbert","Royals","90","328","304","78","16","1","8","32","36","22","64","1","1",".256",".307",".392",".698",".302","580.0","10473"
"Greg Allen","Indians","25","78","70","17","3","0","2","10","7","6","15","4","1",".249",".317",".372",".689",".301","637.8","16623"
"Trevor Plouffe","Rangers","31","114","104","25","4","0","4","13","12","9","26","0","0",".244",".307",".392",".699",".301","696.2","7462"
"Austin Meadows","Pirates","37","153","140","34","8","1","3","19","18","12","30","4","2",".246",".307",".387",".694",".301","501.9","sa737440"
"Kelby Tomlinson","Giants","65","184","163","43","5","2","1","23","12","17","33","7","2",".264",".336",".349",".686",".300","685.2","13005"
"Tyler Wade","Yankees","53","188","170","42","9","1","3","24","15","16","43","8","2",".248",".316",".371",".687",".300","604.2","15730"
"Steven Duggar","Giants","62","263","232","57","10","1","4","29","22","27","64","6","5",".246",".328",".349",".677",".300","564.7","sa827165"
"Lewis Brinson","Marlins","150","572","521","127","24","5","18","66","63","42","134","12","5",".244",".306",".409",".715",".300","278.3","14352"
"Jose Osuna","Pirates","44","148","138","34","8","1","4","18","18","8","28","1","0",".250",".291",".415",".706",".300","652.7","12937"
"Nick Hundley","Giants","61","226","211","53","14","0","6","21","26","12","55","1","0",".251",".294",".413",".707",".300","515.0","3376"
"Max Moroff","Pirates","43","151","129","29","5","1","3","17","16","18","40","2","1",".224",".322",".354",".676",".299","708.8","14556"
"Pedro Alvarez","Orioles","28","102","94","22","4","0","4","11","13","8","28","0","0",".231",".288",".415",".703",".299","706.8","2495"
"Gorkys Hernandez","Giants","63","205","184","47","11","1","2","24","16","18","41","6","3",".256",".327",".355",".682",".299","724.4","4146"
"Dawel Lugo","Tigers","16","67","63","16","3","0","2","7","7","4","10","0","0",".259",".302",".394",".696",".299","999.0","sa659207"
"Ehire Adrianza","Twins","78","232","204","52","10","1","4","28","26","18","37","8","3",".256",".318",".373",".691",".299","679.3","8418"
"Jeremy Hazelbaker","Diamondbacks","22","64","58","14","2","1","2","8","6","5","19","2","0",".239",".301",".414",".715",".299","642.9","9399"
"Dansby Swanson","Braves","142","556","490","123","24","3","8","64","56","59","119","6","3",".251",".331",".364",".694",".299","383.8","18314"
"Tim Anderson","White Sox","151","623","598","159","28","6","16","75","53","17","162","19","4",".267",".290",".413",".703",".299","196.9","15172"
"Mallex Smith","Rays","121","451","408","105","15","7","5","55","30","36","98","30","12",".257",".320",".362",".682",".298","301.3","13608"
"Hanser Alberto","","15","50","46","12","2","0","1","6","5","2","9","1","0",".257",".295",".400",".696",".298","999.0","11902"
"Cameron Maybin","Marlins","128","514","456","109","21","4","9","69","45","52","103","28","8",".238",".318",".362",".680",".298","323.0","5223"
"Chris Owings","Diamondbacks","121","467","438","115","26","5","9","49","51","21","101","16","4",".262",".297",".405",".702",".298","255.8","10030"
"Miguel Montero","Nationals","48","163","142","33","5","0","5","17","17","18","37","0","0",".228",".318",".368",".686",".298","673.6","3364"
"Hunter Dozier","Royals","85","326","296","69","19","1","9","36","33","26","100","3","1",".232",".297",".393",".690",".298","582.1","15117"
"Jorge Alfaro","Phillies","99","386","361","91","18","1","12","40","44","16","118","1","1",".253",".297",".412",".710",".297","243.3","12180"
"Marco Hernandez","Red Sox","26","82","78","21","4","1","1","9","8","4","18","1","1",".268",".305",".382",".687",".297","670.2","13154"
"Carlos Tocci","Rangers","26","94","86","23","3","0","1","11","9","6","17","1","0",".267",".320",".357",".677",".297","999.0","sa660101"
"Ichiro Suzuki","Mariners","69","194","176","46","7","1","3","21","16","15","29","3","1",".259",".320",".358",".678",".296","999.0","1101"
"Brendan Rodgers","Rockies","24","104","98","24","4","0","3","11","10","5","23","0","2",".250",".295",".391",".686",".296","532.1","sa874238"
"Tim Federowicz","Astros","14","38","34","8","2","0","1","4","5","3","9","0","0",".236",".289",".407",".696",".296","999.0","8609"
"Miguel Rojas","Marlins","95","313","282","76","16","1","2","35","25","23","36","2","1",".271",".330",".355",".685",".296","690.0","7802"
"Renato Nunez","Athletics","17","54","50","11","2","0","2","6","7","4","15","0","0",".226",".281",".412",".693",".296","702.3","14503"
"Matt Davidson","White Sox","136","523","482","106","20","1","26","52","73","31","185","0","0",".221",".272",".428",".700",".296","410.8","7226"
"Lane Adams","Braves","65","205","185","44","8","1","5","24","22","15","60","10","2",".239",".300",".383",".683",".296","601.8","10767"
"Guillermo Heredia","Mariners","89","315","282","72","12","0","4","36","23","24","46","2","3",".254",".325",".343",".668",".295","687.9","18721"
"Adonis Garcia","","58","224","211","54","9","0","6","25","25","9","34","3","1",".258",".296",".391",".688",".295","666.3","13777"
"Kevin Plawecki","Mets","76","286","257","63","12","0","7","25","31","23","51","1","0",".245",".314",".376",".691",".295","546.3","13807"
"Chris Bostick","Pirates","18","56","51","13","3","0","1","7","4","4","13","1","1",".249",".310",".365",".675",".295","702.0","13718"
"Braxton Lee","Marlins","61","247","223","56","9","2","4","26","21","20","51","6","4",".249",".316",".355",".671",".295","658.3","sa829053"
"Michael Saunders","","46","169","153","35","7","1","5","19","16","14","43","1","1",".228",".294",".396",".690",".295","999.0","9981"
"Roberto Perez","Indians","77","263","227","49","11","0","8","26","33","30","71","0","0",".214",".305",".369",".674",".295","569.2","2900"
"Ildemaro Vargas","Diamondbacks","10","32","30","8","2","0","0","4","3","2","4","1","0",".263",".309",".370",".679",".295","999.0","13324"
"Tzu-Wei Lin","Red Sox","10","35","31","8","1","0","0","4","3","3","6","1","0",".253",".315",".357",".673",".295","669.8","14678"
"Alex Gordon","Royals","139","533","465","105","20","2","12","55","48","50","130","6","3",".226",".316",".356",".672",".294","527.9","5209"
"Rio Ruiz","Braves","57","211","186","43","8","1","5","22","23","21","52","1","1",".231",".309",".370",".678",".294","677.7","14103"
"Brock Holt","Red Sox","32","116","102","25","5","0","1","14","9","11","22","1","1",".248",".324",".339",".663",".294","664.1","9345"
"Cesar Puello","Diamondbacks","14","48","43","10","2","0","1","6","5","3","12","1","0",".240",".304",".370",".674",".294","999.0","7216"
"Carlos Ruiz","","34","120","106","25","6","0","2","11","10","10","21","1","0",".233",".313",".355",".668",".294","999.0","2579"
"Tom Murphy","Rockies","81","277","257","60","14","1","10","30","37","16","86","1","0",".235",".285",".421",".706",".293","458.8","13499"
"Gregor Blanco","Giants","27","86","76","19","3","1","1","12","5","10","18","4","0",".244",".330",".331",".661",".293","708.3","3123"
"John Hicks","Tigers","68","250","232","57","13","1","7","27","27","14","64","3","2",".244",".290",".393",".683",".293","636.1","12547"
"Carson Kelly","Cardinals","59","201","182","44","9","0","4","20","20","15","34","0","0",".242",".308",".360",".668",".293","540.2","13620"
"Kyle Farmer","Dodgers","22","64","60","15","3","0","1","6","7","4","11","0","0",".254",".301",".375",".675",".293","999.0","14813"
"Daniel Robertson","Diamondbacks","97","365","322","78","14","3","6","36","31","31","82","3","2",".241",".313",".356",".669",".292","999.0","6266"
"A.J. Ellis","Padres","32","114","99","22","4","0","3","9","10","12","20","0","0",".218",".312",".349",".661",".292","999.0","5677"
"Sandy Leon","Red Sox","64","232","209","51","10","0","5","24","26","18","56","0","0",".242",".305",".369",".674",".292","554.0","5273"
"Chris Gimenez","Cubs","41","142","122","26","5","0","4","15","12","16","38","1","0",".215",".312",".344",".656",".292","999.0","7324"
"Franchy Cordero","Padres","32","129","120","29","5","2","3","15","12","6","40","3","1",".240",".282",".404",".686",".292","506.2","14567"
"Leury Garcia","White Sox","99","371","345","87","15","2","8","41","34","17","81","11","6",".253",".297",".378",".675",".292","493.9","5913"
"Max Stassi","Astros","38","135","119","27","5","0","4","16","15","12","35","0","0",".223",".296",".380",".676",".292","661.9","10059"
"Willy Garcia","","53","189","169","40","8","2","4","21","19","14","53","1","1",".237",".294",".388",".682",".292","999.0","12956"
"Joey Rickard","Orioles","81","266","243","62","13","1","4","29","20","17","55","7","2",".253",".307",".361",".668",".292","700.7","13277"
"Dustin Garneau","Athletics","19","70","63","14","4","0","2","7","7","5","16","0","0",".221",".285",".399",".684",".292","725.0","9433"
"Mike Marjama","Mariners","31","109","102","24","5","0","3","11","13","6","22","0","0",".236",".285",".394",".679",".292","713.2","12594"
"Curt Casali","Rays","15","45","40","9","1","0","1","4","6","4","11","0","0",".231",".309",".357",".666",".292","999.0","12510"
"Roman Quinn","Phillies","22","87","78","19","3","1","1","11","7","7","22","5","2",".244",".311",".352",".663",".291","639.1","13546"
"Efren Navarro","Cubs","7","27","24","6","1","0","1","3","2","3","6","0","0",".236",".313",".361",".675",".291","999.0","9854"
"Rajai Davis","Indians","79","258","237","59","13","2","4","36","19","17","56","19","5",".247",".300",".373",".673",".291","528.7","3708"
"Alex Presley","Orioles","25","91","84","22","3","0","2","10","7","6","17","2","1",".260",".308",".361",".669",".291","675.0","5305"
"Ryan Cordell","White Sox","10","39","36","8","2","0","1","4","4","2","10","1","0",".231",".284",".393",".678",".291","999.0","sa737938"
"Preston Tucker","Braves","56","224","204","46","8","2","7","25","26","17","50","1","1",".223",".288",".385",".673",".291","615.3","13633"
"Yolmer Sanchez","White Sox","130","480","440","109","20","5","10","52","50","28","103","7","5",".248",".295",".384",".679",".291","436.1","11602"
"Josh Phegley","Athletics","53","176","163","38","12","0","5","16","17","9","30","0","0",".233",".285",".392",".677",".291","627.6","9308"
"Rafael Lopez","","17","55","50","11","2","0","2","6","7","5","15","0","0",".221",".289",".383",".673",".290","999.0","sa550239"
"Matt Wieters","Nationals","114","428","388","92","17","0","12","41","49","33","85","1","0",".237",".300",".373",".673",".290","328.0","4298"
"Dilson Herrera","Reds","22","90","83","20","3","0","3","10","10","6","21","1","1",".242",".296",".385",".680",".290","695.4","14335"
"Freddy Galvis","Padres","153","602","558","140","25","5","13","62","58","34","110","13","5",".251",".296",".379",".676",".290","370.4","6609"
"Wilmer Difo","Nationals","97","332","304","80","11","3","4","42","25","21","62","15","2",".264",".314",".364",".678",".290","448.2","14320"
"Ryan Rua","Rangers","63","186","168","39","7","0","5","23","17","14","59","3","1",".230",".295",".374",".669",".290","640.8","12409"
"Brett Nicholas","Rangers","40","146","137","33","8","0","4","14","17","7","33","0","0",".244",".287",".387",".673",".290","675.3","11192"
"Tyler Collins","Royals","27","99","90","21","4","1","3","10","11","8","27","2","1",".231",".296",".371",".666",".289","999.0","12723"
"Victor Reyes","Tigers","29","110","103","27","5","1","1","12","10","6","20","3","1",".260",".302",".365",".667",".289","679.2","sa657236"
"Jose Iglesias","Tigers","138","512","477","125","29","1","5","55","43","25","60","8","5",".262",".304",".361",".665",".289","524.8","10231"
"Andres Blanco","Giants","42","125","114","27","6","0","3","12","11","9","25","1","1",".237",".299",".363",".662",".289","999.0","1907"
"Ronald Torreyes","Yankees","78","262","245","67","11","2","2","28","24","11","31","3","1",".274",".304",".365",".668",".289","521.5","11400"
"Chris Herrmann","","62","183","163","35","6","1","6","23","21","19","48","3","0",".213",".295",".367",".662",".288","547.1","9284"
"Cole Gillespie","","7","23","21","5","1","0","0","2","2","2","5","0","0",".247",".301",".364",".666",".288","999.0","5888"
"Cam Perkins","Mariners","18","58","52","12","3","0","1","6","5","4","12","1","0",".234",".301",".359",".660",".288","999.0","13444"
"Yan Gomes","Indians","88","324","297","66","14","0","11","34","42","20","85","0","0",".224",".282",".386",".668",".288","392.4","9627"
"Colby Rasmus","Orioles","40","152","139","29","6","0","7","17","19","12","48","1","0",".210",".271",".415",".685",".287","532.2","9893"
"Dwight Smith","Blue Jays","11","39","35","9","2","0","1","4","4","3","8","0","0",".242",".310",".340",".650",".287","999.0","13473"
"Socrates Brito","Diamondbacks","15","58","54","13","2","1","1","6","6","3","13","1","0",".241",".280",".394",".674",".287","701.8","12944"
"Brandon Dixon","Reds","15","60","56","13","3","0","2","7","6","4","17","1","1",".230",".284",".384",".668",".287","999.0","sa737637"
"Austin Hedges","Padres","125","438","407","93","19","0","18","43","60","23","113","3","1",".229",".273",".409",".682",".287","253.2","12976"
"Paulo Orlando","Royals","87","295","279","72","14","2","4","30","26","10","65","6","3",".259",".294",".370",".664",".287","665.8","8628"
"Jesus Sucre","Rays","56","201","185","47","7","0","5","19","23","8","36","2","0",".253",".290",".379",".669",".287","657.9","5942"
"Juan Lagares","Mets","96","327","302","75","16","3","6","36","23","17","64","7","3",".248",".293",".374",".667",".287","628.4","5384"
"Niko Goodrum","Twins","8","28","26","6","1","0","1","3","3","2","7","1","0",".242",".290",".373",".663",".287","999.0","12092"
"Franklin Barreto","Athletics","72","279","260","63","11","3","6","33","26","16","78","6","3",".241",".290",".375",".664",".287","450.0","15519"
"Kaleb Cowart","Angels","41","142","129","30","6","1","3","16","15","10","34","4","1",".234",".295",".369",".664",".287","647.2","11494"
"Kevan Smith","White Sox","55","199","185","47","10","0","3","17","20","10","36","0","0",".255",".297",".365",".661",".286","639.1","12284"
"Jacob Hannemann","Cubs","6","21","20","4","1","0","1","3","2","2","5","1","0",".226",".288",".373",".660",".286","999.0","15644"
"Samir Duenez","Royals","17","68","65","16","3","0","2","7","8","4","15","1","0",".244",".287",".375",".662",".286","999.0","sa739574"
"Adeiny Hechavarria","Rays","132","478","450","116","17","6","8","49","40","23","78","6","2",".258",".294",".375",".669",".286","537.9","10459"
"Jaycob Brugman","Orioles","33","127","115","29","4","0","2","12","10","11","27","2","1",".248",".314",".338",".651",".286","677.5","14936"
"Mauricio Dubon","Brewers","14","52","48","12","2","0","1","6","5","3","9","2","1",".255",".303",".351",".654",".285","669.7","sa738378"
"Charlie Tilson","White Sox","77","289","269","70","9","3","3","33","22","17","47","10","4",".262",".308",".344",".652",".285","480.0","12983"
"Ben Revere","","89","314","296","82","11","3","1","38","23","14","29","18","5",".277",".310",".346",".655",".285","560.2","4712"
"Taylor Motter","Mariners","81","290","265","61","13","1","8","30","28","22","60","10","3",".230",".289",".370",".659",".285","613.4","12399"
"Erik Gonzalez","Indians","24","72","68","17","3","0","2","9","7","3","20","1","1",".247",".279",".389",".668",".285","677.0","13369"
"Breyvic Valera","Cardinals","9","33","30","8","1","0","0","3","2","2","3","0","0",".252",".308",".340",".648",".285","999.0","12758"
"Jace Peterson","Yankees","16","57","49","11","2","0","1","5","5","7","11","1","1",".221",".317",".327",".644",".284","999.0","12325"
"Jose Peraza","Reds","131","501","471","127","13","4","5","50","41","20","66","25","9",".270",".307",".351",".658",".284","209.8","13593"
"Hector Sanchez","Giants","33","91","86","20","4","0","3","8","12","4","23","0","0",".233",".273",".397",".669",".284","690.6","10289"
"Caleb Joseph","Orioles","80","269","250","60","12","1","7","28","28","14","65","0","0",".238",".282",".378",".660",".284","474.7","7087"
"Miguel Gomez","Giants","13","37","35","10","2","0","0","4","4","1","5","0","0",".273",".297",".362",".659",".284","999.0","17075"
"Jett Bandy","Brewers","32","116","106","24","5","0","4","11","13","7","26","1","0",".226",".285",".370",".655",".284","680.6","12508"
"Tomas Nido","Mets","15","54","50","12","2","0","1","5","7","4","11","0","0",".240",".296",".355",".650",".284","999.0","13755"
"Blake Swihart","Red Sox","57","192","173","41","7","1","4","22","18","16","47","1","1",".235",".300",".349",".649",".284","461.9","13176"
"Ramon Torres","Royals","20","72","68","17","3","0","1","8","6","4","10","2","1",".259",".300",".350",".650",".284","669.7","14113"
"Rocky Gale","Dodgers","17","64","59","14","2","0","1","6","6","5","13","0","0",".240",".300",".347",".647",".284","999.0","10533"
"Alejandro De Aza","","52","177","156","36","7","3","3","20","17","14","38","3","1",".230",".298",".365",".663",".283","999.0","3371"
"Giovanny Urshela","Indians","24","86","80","20","4","0","1","9","9","5","14","0","0",".249",".294",".357",".651",".283","999.0","10681"
"Nick Ahmed","Diamondbacks","67","237","220","53","9","2","6","27","23","14","46","4","3",".240",".289",".379",".667",".283","615.6","12147"
"Kyle Higashioka","Yankees","12","43","40","9","2","0","1","4","6","3","9","0","0",".222",".278",".377",".655",".282","999.0","5517"
"Christian Arroyo","Rays","82","333","310","77","17","0","7","31","32","17","64","2","2",".249",".292",".368",".660",".282","542.4","16434"
"Peter Bourjos","Braves","21","67","62","15","3","1","1","8","5","4","16","1","1",".238",".283",".377",".661",".282","999.0","2578"
"Rafael Ortega","Marlins","19","77","71","17","3","1","1","8","6","5","11","2","1",".246",".297",".350",".646",".282","999.0","10323"
"Pablo Sandoval","Giants","33","126","117","28","6","0","3","12","13","7","22","0","0",".236",".282",".374",".655",".282","669.5","5409"
"Melvin Upton Jr.","","30","109","100","23","4","1","3","11","10","8","32","4","1",".227",".282",".377",".659",".282","999.0","5015"
"Eric Young","Angels","25","56","51","12","2","0","1","8","6","3","11","3","1",".230",".292",".353",".645",".281","696.9","7158"
"Cam Gallagher","Royals","10","33","30","7","1","0","1","3","3","2","5","0","0",".242",".296",".347",".643",".281","999.0","12981"
"Alex Mejia","Cardinals","13","44","41","10","2","0","1","4","4","3","8","0","0",".242",".293",".351",".644",".281","999.0","13877"
"Raul Mondesi","Royals","124","439","405","95","15","6","11","48","45","22","125","25","7",".234",".277",".377",".654",".281","382.5","13769"
"Tomas Telis","Marlins","30","100","94","23","4","1","2","10","10","5","14","1","0",".247",".291",".361",".652",".281","665.1","10067"
"Tim Locastro","Dodgers","14","32","30","7","1","0","0","3","3","2","5","2","0",".240",".297",".342",".638",".280","655.6","15124"
"Rene Rivera","Angels","63","209","192","44","7","0","7","17","26","12","57","0","0",".228",".283",".376",".659",".280","622.4","3648"
"Rey Fuentes","Diamondbacks","28","97","90","22","3","1","1","11","7","6","21","3","1",".246",".299",".341",".640",".280","697.2","10329"
"Pedro Florimon","Phillies","19","63","57","13","3","1","1","6","6","5","20","1","1",".227",".290",".351",".642",".280","999.0","8385"
"Darwin Barney","Rangers","28","95","88","22","4","0","1","10","7","5","15","1","1",".248",".293",".351",".644",".280","999.0","2430"
"Jason Coats","Rays","6","23","21","5","1","0","0","2","2","1","5","0","0",".238",".286",".358",".644",".280","999.0","14282"
"Tony Wolters","Rockies","57","211","187","44","9","1","2","21","18","20","48","1","1",".236",".315",".331",".645",".280","616.0","11470"
"Rob Refsnyder","Rays","9","31","28","7","2","0","0","3","2","3","6","1","0",".245",".313",".329",".642",".280","999.0","13770"
"Travis Jankowski","Padres","47","156","136","32","5","1","1","19","6","15","39","10","3",".235",".318",".301",".619",".280","668.3","13768"
"Tony Kemp","Astros","20","69","64","16","2","1","1","8","6","5","10","2","1",".248",".303",".332",".635",".280","692.5","14894"
"Drew Butera","Royals","55","153","140","33","6","1","3","15","14","10","36","0","0",".235",".293",".345",".638",".280","685.3","3411"
"Will Middlebrooks","Phillies","11","32","30","6","1","1","1","3","4","2","9","0","0",".216",".257",".402",".659",".279","999.0","7002"
"Cliff Pennington","Reds","49","158","141","33","5","1","3","16","14","13","41","2","1",".235",".301",".335",".636",".279","999.0","3395"
"Billy Hamilton","Reds","143","598","547","136","19","8","4","79","36","42","120","60","12",".249",".302",".334",".636",".279","70.5","10199"
"Dixon Machado","Tigers","119","423","384","96","16","2","4","40","31","29","73","7","2",".248",".303",".330",".634",".279","557.7","11472"
"Mac Williamson","Giants","33","112","103","23","4","0","3","12","12","7","33","1","0",".223",".286",".362",".647",".279","999.0","14158"
"Derek Norris","Tigers","9","32","29","6","1","0","1","4","4","2","8","0","0",".221",".283",".363",".646",".279","663.9","6867"
"Alen Hanson","Giants","37","119","110","27","5","2","2","15","8","7","24","6","2",".242",".284",".375",".658",".279","658.3","12926"
"Ruben Tejada","","7","21","18","4","1","0","0","2","2","2","3","0","0",".236",".302",".330",".632",".278","999.0","5519"
"Allen Cordoba","Padres","19","61","54","12","2","0","1","5","4","5","14","0","0",".226",".292",".348",".640",".278","693.8","15722"
"Phil Gosselin","Reds","17","47","43","11","2","0","0","5","3","3","9","0","0",".246",".293",".344",".637",".278","999.0","10953"
"Jacob Stallings","Pirates","14","56","52","13","3","0","1","5","6","3","10","0","0",".246",".298",".356",".654",".278","999.0","13723"
"Erick Aybar","Twins","47","185","169","42","8","0","2","19","15","13","26","5","1",".249",".303",".336",".639",".278","666.1","4082"
"Nolan Fontana","Angels","11","37","33","7","2","0","1","4","3","4","10","1","0",".204",".289",".340",".630",".278","999.0","13267"
"Martin Maldonado","Angels","133","459","411","90","17","0","13","41","40","29","112","1","1",".218",".288",".357",".645",".278","405.7","6887"
"Rafael Bautista","Nationals","10","32","30","7","1","0","0","3","2","2","6","1","0",".247",".301",".327",".628",".277","999.0","15769"
"Magneuris Sierra","Marlins","79","277","259","67","10","2","2","28","22","15","58","9","4",".257",".301",".330",".631",".277","556.6","17023"
"Richard Urena","Blue Jays","17","67","63","15","4","0","1","6","6","4","16","0","0",".240",".284",".355",".639",".277","668.1","16411"
"Yairo Munoz","Cardinals","19","72","68","17","3","0","2","8","9","3","13","1","0",".245",".277",".366",".644",".277","999.0","sa657210"
"Tyler Moore","","18","41","37","8","2","0","1","3","5","3","11","0","0",".208",".271",".375",".646",".276","999.0","7244"
"Andrew Stevenson","Nationals","20","68","61","15","2","0","1","7","5","5","16","2","0",".242",".303",".318",".621",".276","999.0","17932"
"Josh Rutledge","Giants","17","57","52","12","2","0","1","6","5","4","14","1","0",".237",".299",".326",".625",".276","999.0","11167"
"Ryder Jones","Giants","43","160","147","33","7","1","3","16","15","11","39","1","0",".227",".288",".361",".649",".275","999.0","15982"
"Gavin Cecchini","Mets","10","34","31","8","1","0","0","3","3","2","6","0","0",".243",".298",".333",".631",".274","999.0","17005"
"J.T. Riddle","Marlins","102","388","359","91","17","2","5","37","39","20","71","2","1",".253",".290",".352",".642",".274","676.4","17642"
"Trayce Thompson","Dodgers","20","70","64","13","3","0","2","7","6","6","20","1","1",".210",".273",".372",".645",".274","726.0","9952"
"Leonys Martin","Tigers","97","347","320","74","12","2","8","40","28","21","87","16","6",".231",".281",".355",".636",".274","396.5","11846"
"Danny Espinosa","Blue Jays","40","142","126","25","5","0","5","16","15","11","46","2","1",".202",".283",".349",".632",".274","999.0","9219"
"Ryan Goins","Royals","70","235","215","50","11","1","4","20","26","16","49","2","1",".234",".284",".347",".631",".274","678.3","9807"
"JaCoby Jones","Tigers","71","251","229","50","10","2","5","28","25","17","81","7","3",".220",".281",".345",".627",".274","659.9","14818"
"Zach Vincej","Mariners","11","36","33","8","2","0","0","3","3","2","7","0","0",".234",".298",".319",".616",".274","999.0","13269"
"Joey Wendle","Rays","69","245","229","57","10","2","5","27","26","11","49","4","1",".249",".285",".368",".653",".273","675.8","13853"
"Ramon Cabrera","","14","50","46","11","2","0","1","4","5","3","9","0","0",".246",".288",".343",".631",".273","999.0","10327"
"Patrick Kivlehan","Reds","24","70","63","13","2","0","3","8","8","5","20","0","0",".206",".271",".362",".633",".272","678.8","13910"
"Alcides Escobar","Royals","136","526","497","127","25","4","5","54","44","17","78","8","4",".255",".282",".351",".633",".272","523.3","6310"
"Chris Stewart","Braves","27","94","85","19","4","1","2","8","8","7","19","0","0",".227",".290",".339",".629",".272","999.0","3878"
"Andrew Romine","Mariners","66","208","190","45","8","1","2","24","16","13","43","5","2",".236",".293",".325",".617",".272","654.2","1159"
"Erik Kratz","Yankees","13","28","26","5","2","0","1","2","5","2","7","0","0",".207",".259",".373",".632",".271","999.0","4403"
"Jim Adduci","Tigers","18","67","61","14","3","0","1","8","7","5","19","1","1",".227",".286",".331",".617",".271","999.0","6448"
"Pedro Severino","Nationals","43","133","123","29","5","0","2","11","13","9","27","0","0",".238",".293",".342",".635",".271","655.8","14523"
"Jose Rondon","White Sox","12","49","46","11","3","0","0","5","4","3","9","1","0",".243",".284",".337",".621",".270","999.0","14140"
"Fernando Tatis Jr.","Padres","19","76","72","17","1","0","2","7","7","3","21","3","0",".234",".272",".351",".623",".270","595.5","sa919910"
"Billy Burns","Royals","44","145","135","33","4","2","0","16","7","7","21","7","4",".249",".298",".314",".612",".270","678.5","12701"
"Ty Kelly","Mets","15","29","25","6","1","0","0","3","3","2","5","0","0",".221",".289",".325",".614",".270","999.0","7740"
"Jose Lobaton","","24","88","79","17","3","0","2","7","8","8","19","0","0",".210",".285",".333",".617",".269","690.0","4243"
"Adam Rosales","Indians","25","81","74","16","3","0","2","8","8","5","26","1","0",".221",".269",".360",".629",".269","999.0","9682"
"Shane Robinson","Yankees","8","22","20","5","1","0","0","3","2","2","3","1","0",".233",".292",".315",".607",".268","999.0","4249"
"Orlando Calixte","Giants","12","42","38","8","2","0","1","4","4","3","10","1","0",".224",".271",".351",".622",".268","999.0","11905"
"Gift Ngoepe","Blue Jays","16","60","54","11","3","0","1","6","5","5","19","0","1",".213",".282",".325",".607",".268","999.0","10340"
"Adrian Sanchez","Nationals","21","73","67","16","5","0","0","7","7","4","15","1","0",".239",".283",".330",".612",".268","999.0","11338"
"J.J. Hardy","","55","217","203","48","10","1","3","20","20","11","39","0","0",".235",".275",".341",".616",".267","674.2","3797"
"Elias Diaz","Pirates","62","223","209","50","12","0","2","18","23","12","40","1","1",".240",".284",".324",".608",".267","670.2","11680"
"Andrew Susac","Orioles","10","32","30","6","1","0","1","3","3","3","10","0","0",".201",".267",".343",".610",".266","680.3","13132"
"Jonathan Herrera","","6","24","22","5","1","0","0","2","2","1","5","0","0",".237",".282",".333",".616",".266","999.0","4182"
"Danny Santana","","11","38","36","8","2","0","0","4","3","2","9","2","1",".238",".275",".342",".617",".265","695.2","10322"
"Tyler Saladino","White Sox","82","301","275","62","11","2","4","30","23","20","65","9","4",".225",".282",".319",".602",".265","686.8","10807"
"Juan Centeno","Rangers","39","134","124","29","5","0","2","11","14","8","24","0","0",".237",".284",".330",".614",".265","999.0","7168"
"Craig Gentry","Orioles","9","25","22","5","1","0","0","3","2","2","6","1","1",".217",".280",".320",".600",".264","999.0","9571"
"Alexi Amarista","Phillies","43","140","132","32","5","0","2","12","13","7","24","3","1",".242",".282",".326",".607",".263","740.0","9063"
"David Freitas","Mariners","7","24","22","5","1","0","0","2","2","2","5","0","0",".224",".280",".317",".597",".263","999.0","10619"
"Jeff Mathis","Diamondbacks","57","199","183","40","9","2","3","15","15","13","57","1","0",".217",".274",".329",".603",".262","679.9","3448"
"Austin Romine","Yankees","60","201","185","42","9","0","3","17","21","11","42","0","0",".229",".272",".332",".604",".262","647.8","5491"
"Gordon Beckham","","19","61","56","13","2","0","1","5","5","4","12","0","0",".225",".280",".315",".595",".261","999.0","9015"
"Micah Johnson","Rays","13","32","28","6","1","0","0","3","3","2","8","1","0",".225",".286",".300",".587",".261","999.0","13809"
"Jose Siri","Reds","6","23","22","5","1","0","1","2","2","1","7","1","1",".221",".250",".359",".610",".261","999.0","sa736940"
"Ryan Lavarnway","Pirates","8","23","21","4","1","0","0","2","2","2","6","0","0",".214",".298",".273",".571",".261","999.0","8879"
"Chase d'Arnaud","Giants","10","27","25","6","1","0","0","3","2","2","6","1","0",".224",".281",".320",".601",".260","999.0","6652"
"Ryan Hanigan","","6","21","19","4","1","0","0","2","2","2","5","0","0",".218",".285",".311",".596",".260","648.3","4952"
"Adam Engel","White Sox","129","499","446","88","18","4","9","52","37","36","153","17","5",".198",".268",".320",".588",".259","579.5","15082"
"Engelb Vielma","Orioles","23","89","82","19","3","0","1","8","6","5","18","1","1",".234",".283",".301",".584",".259","999.0","sa657416"
"Eric Fryer","","12","31","28","6","1","0","0","3","2","3","7","0","0",".212",".294",".275",".569",".258","999.0","8145"
"Christian Colon","","9","25","22","5","1","0","0","2","1","2","4","0","0",".237",".299",".282",".580",".257","999.0","11145"
"Terrance Gore","Royals","37","50","46","10","1","0","1","12","3","3","11","7","3",".222",".280",".297",".577",".257","999.0","13658"
"Charlie Culberson","Braves","53","137","130","30","6","0","2","11","12","6","29","2","1",".231",".269",".320",".589",".257","697.1","3298"
"Taylor Featherston","Twins","12","31","28","5","1","0","1","4","3","2","10","1","0",".194",".265",".321",".586",".257","999.0","12590"
"Scott Van Slyke","Marlins","33","73","65","13","3","0","2","7","5","6","22","1","0",".191",".273",".321",".594",".257","679.8","4365"
"Chad Wallach","Marlins","17","57","52","11","2","0","1","5","5","3","16","0","0",".205",".260",".327",".587",".256","712.0","17161"
"J.B. Shuck","Marlins","6","23","21","5","1","0","0","2","2","2","3","0","0",".221",".278",".298",".576",".256","999.0","6677"
"Gregorio Petit","Twins","8","24","23","5","1","0","0","2","2","1","5","0","0",".229",".262",".341",".603",".255","999.0","3812"
"Dusty Coleman","Padres","6","22","20","4","1","0","1","2","2","1","8","1","0",".198",".248",".346",".594",".255","999.0","8979"
"Mike Aviles","","17","55","50","12","2","0","1","5","3","3","8","0","0",".233",".281",".308",".589",".254","999.0","5986"
"Bubba Starling","Royals","29","115","106","22","6","0","2","12","9","7","31","2","1",".206",".259",".324",".583",".254","999.0","sa597751"
"Jarrod Saltalamacchia","Tigers","19","69","60","10","2","0","2","6","7","8","26","0","0",".164",".256",".318",".574",".253","999.0","5557"
"Sergio Alcantara","Tigers","7","29","27","6","1","0","0","3","2","2","5","1","1",".230",".281",".284",".566",".252","999.0","sa739641"
"Deven Marrero","Diamondbacks","18","58","54","12","3","0","1","6","5","3","17","1","1",".218",".259",".318",".576",".251","660.4","13325"
"Tyler Ladendorf","","71","237","217","46","9","1","2","22","17","14","51","3","1",".212",".267",".294",".561",".249","999.0","3211"
"Alberto Rosario","Diamondbacks","14","36","34","7","2","0","0","3","3","2","7","0","0",".220",".267",".296",".563",".248","999.0","7125"
"Austin Nola","Marlins","10","39","36","8","2","0","0","3","3","3","7","0","0",".213",".271",".267",".538",".242","999.0","sa577789"
"Juan Graterol","Angels","15","46","43","10","2","0","0","3","4","1","7","0","0",".237",".259",".297",".555",".241","999.0","5398"
"Luis Torrens","Padres","25","85","76","16","2","0","1","6","6","7","19","0","0",".208",".276",".276",".552",".241","699.8","15905"
"Stuart Turner","Reds","18","65","59","12","2","0","1","4","5","4","15","0","0",".209",".256",".284",".540",".238","712.0","15207"
"Luke Maile","Blue Jays","35","126","117","23","4","0","2","11","8","6","31","0","0",".192",".239",".270",".508",".224","694.0","13355"
"Tuffy Gosewisch","Mariners","10","31","28","5","1","0","0","2","2","2","8","0","0",".187",".242",".253",".495",".222","999.0","5277"
